timestamp,ip_address,username,action,status_code
2025-01-28T10:23:45Z,192.168.0.2,admin,login,200
2025-01-28T10:25:12Z,192.168.0.3,john_doe,failed_login,401
2025-01-28T10:30:00Z,192.168.0.4,jane_smith,login,200
2025-01-28T10:35:15Z,192.168.0.5,admin,failed_login,403
2025-01-28T10:40:00Z,192.168.0.6,mike_jones,login,200
2025-01-28T10:45:30Z,192.168.0.7,sara_connor,failed_login,401
2025-01-28T10:50:00Z,192.168.0.8,admin,logout,200
2025-01-28T10:55:15Z,192.168.0.9,john_doe,login,200
2025-01-28T11:00:00Z,192.168.0.10,jane_smith,failed_login,403
2025-01-28T11:05:45Z,192.168.0.11,mike_jones,logout,200
2025-01-28T11:10:00Z,192.168.0.12,sara_connor,login,200
2025-01-28T11:15:30Z,192.168.0.13,admin,failed_login,401
2025-01-28T11:20:00Z,192.168.0.14,john_doe,logout,200
2025-01-28T11:25:15Z,192.168.0.15,jane_smith,login,200
2025-01-28T11:30:00Z,192.168.0.16,mike_jones,failed_login,403
2025-01-28T11:35:45Z,192.168.0.17,sara_connor,logout,200
2025-01-28T11:40:00Z,192.168.0.18,admin,login,200
2025-01-28T11:45:30Z,192.168.0.19,john_doe,failed_login,401
2025-01-28T11:50:00Z,192.168.0.20,jane_smith,login,200
2025-01-28T11:55:15Z,192.168.0.21,mike_jones,logout,200
2025-01-28T12:00:00Z,192.168.0.22,admin,failed_login,401
2025-01-28T12:05:00Z,192.168.0.23,john_doe,failed_login,401
2025-01-28T12:10:00Z,192.168.0.24,jane_smith,failed_login,401
2025-01-28T12:15:00Z,192.168.0.25,mike_jones,failed_login,401
2025-01-28T12:20:00Z,192.168.0.26,sara_connor,failed_login,401
2025-01-28T12:25:00Z,192.168.0.27,emma_davis,login,200
2025-01-28T12:30:00Z,192.168.0.28,david_brown,login,200
2025-01-28T12:35:15Z,192.168.0.29,emma_davis,logout,200
2025-01-28T12:40:00Z,192.168.0.30,david_brown,failed_login,401
2025-01-28T12:45:30Z,192.168.0.31,lucy_williams,login,200
2025-01-28T12:50:00Z,192.168.0.32,ethan_martin,failed_login,401
2025-01-28T12:55:15Z,192.168.0.33,lucy_williams,logout,200
2025-01-28T13:00:00Z,192.168.0.34,ethan_martin,login,200
2025-01-28T13:05:45Z,192.168.0.35,julian_wright,failed_login,403
2025-01-28T13:10:00Z,192.168.0.36,sofia_lee,login,200
2025-01-28T13:15:00Z,192.168.0.37,sofia_lee,logout,200
2025-01-28T13:20:00Z,192.168.0.38,julian_wright,login,200
2025-01-28T13:25:15Z,192.168.0.39,sofia_lee,failed_login,401
2025-01-28T13:30:00Z,192.168.0.40,julian_wright,failed_login,403
2025-01-28T13:35:00Z,192.168.0.41,robert_clark,login,200
2025-01-28T13:40:00Z,192.168.0.42,anna_harris,login,200
2025-01-28T13:45:15Z,192.168.0.43,robert_clark,failed_login,401
2025-01-28T13:50:00Z,192.168.0.44,anna_harris,failed_login,401
2025-01-28T13:55:15Z,192.168.0.45,olivia_moore,login,200
2025-01-28T14:00:00Z,192.168.0.46,olivia_moore,failed_login,401
2025-01-28T14:05:15Z,192.168.0.47,leah_scott,login,200
2025-01-28T14:10:00Z,192.168.0.48,leah_scott,logout,200
2025-01-28T14:15:00Z,192.168.0.49,george_williams,failed_login,403
2025-01-28T14:20:00Z,192.168.0.50,george_williams,login,200
2025-01-28T14:25:15Z,192.168.0.51,george_williams,logout,200
2025-01-28T14:30:00Z,192.168.0.52,harry_patterson,login,200
2025-01-28T14:35:00Z,192.168.0.53,harry_patterson,failed_login,401
2025-01-28T14:40:00Z,192.168.0.54,joseph_king,failed_login,401
2025-01-28T14:45:30Z,192.168.0.55,joseph_king,login,200
2025-01-28T14:50:00Z,192.168.0.56,zoe_martin,failed_login,403
2025-01-28T14:55:00Z,192.168.0.57,zoe_martin,login,200
2025-01-28T15:00:00Z,192.168.0.58,zoe_martin,logout,200
2025-01-28T15:05:00Z,192.168.0.59,emily_jackson,login,200
2025-01-28T15:10:00Z,192.168.0.60,emily_jackson,failed_login,401
2025-01-28T15:15:00Z,192.168.0.61,emily_jackson,logout,200
2025-01-28T15:20:00Z,192.168.0.62,patrick_white,login,200
2025-01-28T15:25:00Z,192.168.0.63,patrick_white,logout,200
2025-01-28T15:30:00Z,192.168.0.64,melissa_jones,login,200
2025-01-28T15:35:15Z,192.168.0.65,melissa_jones,failed_login,401
2025-01-28T15:40:00Z,192.168.0.66,simon_lee,login,200
2025-01-28T15:45:15Z,192.168.0.67,simon_lee,failed_login,401
2025-01-28T15:50:30Z,192.168.0.68,john_doe,failed_login,401
2025-01-28T15:55:45Z,192.168.0.69,john_doe,login,200
2025-01-28T16:00:00Z,192.168.0.70,john_doe,failed_login,401
2025-01-28T16:05:15Z,192.168.0.71,sara_connor,failed_login,401
2025-01-28T16:10:00Z,192.168.0.72,admin,failed_login,401
2025-01-28T16:15:00Z,192.168.0.73,george_williams,failed_login,403
2025-01-28T16:20:00Z,192.168.0.74,emma_davis,login,200
2025-01-28T16:25:00Z,192.168.0.75,admin,login,200
2025-01-28T16:30:00Z,192.168.0.76,david_brown,failed_login,401
2025-01-28T16:35:30Z,192.168.0.77,emma_davis,login,200
2025-01-28T16:40:00Z,192.168.0.78,julian_wright,failed_login,403
2025-01-28T16:45:15Z,192.168.0.79,sara_connor,failed_login,401
2025-01-28T16:50:00Z,192.168.0.80,simon_lee,failed_login,401
2025-01-28T16:55:15Z,192.168.0.81,melissa_jones,login,200
2025-01-28T17:00:00Z,192.168.0.82,george_williams,failed_login,401
2025-01-28T17:05:00Z,192.168.0.83,zoe_martin,failed_login,401
2025-01-28T17:10:00Z,192.168.0.84,joseph_king,failed_login,401
2025-01-28T17:15:00Z,192.168.0.85,joseph_king,login,200
2025-01-28T17:20:00Z,192.168.0.86,sara_connor,login,200
2025-01-28T17:25:00Z,192.168.0.87,sofia_lee,failed_login,401
